-- phpMyAdmin SQL Dump
-- version 4.2.11
-- http://www.phpmyadmin.net
--
-- Host: 127.0.0.1
-- Generation Time: 24 Jul 2018 pada 16.28
-- Versi Server: 5.6.21
-- PHP Version: 5.6.3

SET SQL_MODE = "NO_AUTO_VALUE_ON_ZERO";
SET time_zone = "+00:00";


/*!40101 SET @OLD_CHARACTER_SET_CLIENT=@@CHARACTER_SET_CLIENT */;
/*!40101 SET @OLD_CHARACTER_SET_RESULTS=@@CHARACTER_SET_RESULTS */;
/*!40101 SET @OLD_COLLATION_CONNECTION=@@COLLATION_CONNECTION */;
/*!40101 SET NAMES utf8 */;

--
-- Database: `saw`
--

-- --------------------------------------------------------

--
-- Struktur dari tabel `admin`
--

CREATE TABLE IF NOT EXISTS `admin` (
`id_admin` int(3) NOT NULL,
  `username` varchar(100) NOT NULL DEFAULT 'administrator',
  `password` varchar(100) NOT NULL,
  `nama_lengkap` varchar(100) NOT NULL,
  `level` varchar(50) NOT NULL DEFAULT 'admin',
  `alamat` text NOT NULL,
  `no_telp` varchar(20) NOT NULL,
  `email` varchar(50) NOT NULL,
  `blokir` enum('Y','N') NOT NULL DEFAULT 'N',
  `id_session` varchar(100) NOT NULL
) ENGINE=MyISAM AUTO_INCREMENT=6 DEFAULT CHARSET=latin1;

--
-- Dumping data untuk tabel `admin`
--

INSERT INTO `admin` (`id_admin`, `username`, `password`, `nama_lengkap`, `level`, `alamat`, `no_telp`, `email`, `blokir`, `id_session`) VALUES
(3, 'admin', '21232f297a57a5a743894a0e4a801fc3', 'Muhammad Yunus', 'admin', 'Bandung', '082317327321', 'babeh@gmail.com', 'N', 'hq9j3c7n2rbv8g29bfd17ekhn5'),
(5, 'dpl', 'bb0dc7247375f56238be7a77ef39a719', 'Yunus', 'dpl', 'ASDASDSADASDSADSADSA', '02135872153', 'madozahmad123@gmail.com', 'N', 'g4pt1mnp6agegur21h1pidve04');

-- --------------------------------------------------------

--
-- Struktur dari tabel `desa`
--

CREATE TABLE IF NOT EXISTS `desa` (
`id_desa` int(9) NOT NULL,
  `nama_desa` varchar(100) NOT NULL,
  `kecamatan` varchar(150) NOT NULL,
  `kabupaten` varchar(250) NOT NULL,
  `provinsi` varchar(250) NOT NULL
) ENGINE=MyISAM AUTO_INCREMENT=211 DEFAULT CHARSET=latin1;

--
-- Dumping data untuk tabel `desa`
--

INSERT INTO `desa` (`id_desa`, `nama_desa`, `kecamatan`, `kabupaten`, `provinsi`) VALUES
(12, 'Babakan Sari', 'Bantarujeg', 'Majalengka', 'Jawa Barat'),
(13, 'Sukataris', 'Karaang Tengah', 'Banjaran', 'Jawa Barat'),
(14, 'Cimeong', 'Banjaran', 'Banjaran', 'Jawa Barat'),
(15, 'Batujaya', 'Cigasong', 'Majalengka', 'Jawa Barat'),
(16, 'Banjarwangi', 'Banjarwangi', 'Garut', 'Jawa Barat'),
(17, 'Majasari', 'Cibiuk', 'Garut', 'Jawa Barat'),
(18, 'Cangkuang', 'Leles', 'Garut', 'Jawa Barat'),
(19, 'Jatimulya', 'Pameungpeuk', 'Garut', 'Jawa Barat'),
(20, 'Ciherang	', 'Banjarsari', 'Ciamis', 'Jawa Barat'),
(21, 'Panyingkiran', 'Ciamis', 'Ciamis', 'Jawa Barat'),
(22, 'Banyuasih', 'Banyusari', 'Karawang', 'Jawa Barat'),
(23, 'Parungmulya', 'Ciampel', 'Karawang', 'Jawa Barat'),
(24, 'Kamurang', 'Tirtamulya', 'Karawang', 'Jawa Barat'),
(25, ' Bungursari ', ' Bungursari ', ' Tasikmalaya', 'Jawa Barat'),
(26, 'Setianagara', 'Cibeureum', ' Tasikmalaya', 'Jawa Barat'),
(27, 'Purbaratu', 'Purbaratu', ' Tasikmalaya', 'Jawa Barat'),
(28, 'Empangsari', 'Tawang', ' Tasikmalaya', 'Jawa Barat'),
(29, 'Binong', 'Binong', 'Subang', 'Jawa Barat'),
(30, ' Langensari ', ' Langensari ', 'Subang', 'Jawa Barat'),
(31, 'Cisaga ', 'cibogo', 'Subang', 'Jawa Barat'),
(32, ' Kosar', ' Cipeundeuy', 'Subang', 'Jawa Barat'),
(33, 'Padaasih', 'cibogo', 'Subang', 'Jawa Barat'),
(34, 'Bojongkaso', 'Agrabinta', 'Cianjur', 'Jawa Barat'),
(35, 'Bunisari', 'Agrabinta', 'Cianjur', 'Jawa Barat'),
(36, 'Karangsari', 'Agrabinta', 'Cianjur', 'Jawa Barat'),
(37, 'Mekarsari', 'Agrabinta', 'Cianjur', 'Jawa Barat'),
(38, 'Neglasari ', 'Agrabinta', 'Cianjur', 'Jawa Barat'),
(39, 'Tanjungsari', 'Agrabinta', 'Cianjur', 'Jawa Barat'),
(40, 'Wanasari', 'Agrabinta', 'Cianjur', 'Jawa Barat'),
(41, 'Bojongpicung', 'Bojongpicung', 'Cianjur', 'Jawa Barat'),
(42, ' Cibarengkok', 'Bojongpicung', 'Cianjur', 'Jawa Barat'),
(43, 'Cikondang', 'Bojongpicung', 'Cianjur', 'Jawa Barat'),
(44, 'Hegarmanah', 'Bojongpicung', 'Cianjur', 'Jawa Barat'),
(45, 'Jati', 'Bojongpicung', 'Cianjur', 'Jawa Barat'),
(46, 'Jatisari ', 'Bojongpicung', 'Cianjur', 'Jawa Barat'),
(47, 'Kemang', 'Bojongpicung', 'Cianjur', 'Jawa Barat'),
(48, ' Neglasari', 'Bojongpicung', 'Cianjur', 'Jawa Barat'),
(49, ' Sukajaya', 'Bojongpicung', 'Cianjur', 'Jawa Barat'),
(50, 'Sukarama', 'Bojongpicung', 'Cianjur', 'Jawa Barat'),
(51, ' Sukaratu', 'Bojongpicung', 'Cianjur', 'Jawa Barat'),
(52, 'Campaka', 'Campaka', 'Cianjur', 'Jawa Barat'),
(53, 'Cidadap', 'Campaka', 'Cianjur', 'Jawa Barat'),
(54, 'Cimenteng', 'Campaka', 'Cianjur', 'Jawa Barat'),
(55, 'Girimukti', 'Campaka', 'Cianjur', 'Jawa Barat'),
(56, 'Karyamukti', 'Campaka', 'Cianjur', 'Jawa Barat'),
(57, 'Margaluyu', 'Campaka', 'Cianjur', 'Jawa Barat'),
(58, 'Mekarjaya ', 'Campaka', 'Cianjur', 'Jawa Barat'),
(59, 'Sukadana', 'Campaka', 'Cianjur', 'Jawa Barat'),
(60, ' Sukajadi ', 'Campaka', 'Cianjur', 'Jawa Barat'),
(61, ' Susukan', 'Campaka', 'Cianjur', 'Jawa Barat'),
(62, 'Wangunjaya', 'Campaka', 'Cianjur', 'Jawa Barat'),
(63, 'Campakamulya', 'Campakamulya', 'Cianjur', 'Jawa Barat'),
(64, 'Campakawarna', 'Campakamulya', 'Cianjur', 'Jawa Barat'),
(65, 'Cibanggala', 'Campakamulya', 'Cianjur', 'Jawa Barat'),
(66, 'Sukabungah', 'Campakamulya', 'Cianjur', 'Jawa Barat'),
(67, 'Sukasirna', 'Campakamulya', 'Cianjur', 'Jawa Barat'),
(68, 'Babakankaret', ' Cianjur', 'Cianjur', 'Jawa Barat'),
(69, 'Limbangan Sari', 'cianjur', 'Cianjur', 'Jawa Barat'),
(70, 'Mekarsari', 'Cianjur', 'Cianjur', 'Jawa Barat'),
(71, ' Pamoyanan', 'Cianjur', 'Cianjur', 'Jawa Barat'),
(72, 'Sawah Gede', 'Cianjur', 'Cianjur', 'Jawa Barat'),
(73, 'Sayang', 'Cianjur', 'Cianjur', 'Jawa Barat'),
(74, 'Solokpandan', 'Cianjur', 'Cianjur', 'Jawa Barat'),
(75, 'Cibadak', 'Cibeber', 'Cianjur', 'Jawa Barat'),
(76, 'Cibokor', 'Cibeber', 'Cianjur', 'Jawa Barat'),
(77, 'Girimulya', 'Cibeber', 'Cianjur', 'Jawa Barat'),
(78, 'Kanoman', 'Cibeber', 'Cianjur', 'Jawa Barat'),
(79, 'Sukamanah', 'Cibeber', 'Cianjur', 'Jawa Barat'),
(80, 'Argalingga', 'Argapura', 'Majalengka', 'Jawa Barat'),
(81, 'Argamukti', 'Argapura', 'Majalengka', 'Jawa Barat'),
(82, 'Cibunut', 'Argapura', 'Majalengka', 'Jawa Barat'),
(83, 'Cikaracak', 'Argapura', 'Majalengka', 'Jawa Barat'),
(84, 'Gunungwangi', 'Argapura', 'Majalengka', 'Jawa Barat'),
(85, ' Heubeulisuk', 'Argapura', 'Majalengka', 'Jawa Barat'),
(86, 'Mekarwangi', 'Argapura', 'Majalengka', 'Jawa Barat'),
(87, 'Mekarwangi', 'Argapura', 'Majalengka', 'Jawa Barat'),
(88, 'Karayunan', ' Cigasong', 'Majalengka', 'Jawa Barat'),
(89, 'Simpeureum', 'Cigasong', 'Majalengka', 'Jawa Barat'),
(90, 'Tenjolayar', 'Cigasong', 'Majalengka', 'Jawa Barat'),
(91, 'Jatitujuh', 'Jatitujuh', 'Majalengka', 'Jawa Barat'),
(92, 'Pangkalanpari ', 'Jatitujuh', 'Majalengka', 'Jawa Barat'),
(93, 'Babakan', 'Kertajati', 'Majalengka', 'Jawa Barat'),
(94, 'Bantarjati', 'Kertajati', 'Majalengka', 'Jawa Barat'),
(95, 'Kertajati', 'Kertajati', 'Majalengka', 'Jawa Barat'),
(96, 'Kertasari ', 'Kertajati', 'Majalengka', 'Jawa Barat'),
(97, 'Kertawinangun', 'Kertajati', 'Majalengka', 'Jawa Barat'),
(98, 'Mekarjaya ', 'Kertajati', 'Majalengka', 'Jawa Barat'),
(99, 'Mekarmulya', 'Kertajati', 'Majalengka', 'Jawa Barat'),
(100, ' Pakubeureum', 'Kertajati', 'Majalengka', 'Jawa Barat'),
(101, 'Palasah ', 'Kertajati', 'Majalengka', 'Jawa Barat'),
(102, ' Pasiripis', 'Kertajati', 'Majalengka', 'Jawa Barat'),
(103, 'Banjaranyar', 'Banjarsari', 'Ciamis', 'Jawa Barat'),
(104, 'Banjarsari ', 'Banjarsari ', 'Ciamis', 'Jawa Barat'),
(105, ' Cibadak', 'Banjarsari', 'Ciamis', 'Jawa Barat'),
(106, 'Cigayam', 'Banjarsari ', 'Ciamis', 'Jawa Barat'),
(107, ' Ciherang', 'Banjarsari ', 'Ciamis', 'Jawa Barat'),
(108, 'Cikaso', 'Banjarsari ', 'Ciamis', 'Jawa Barat'),
(109, 'Cikupa', 'Banjarsari', 'Ciamis', 'Jawa Barat'),
(110, 'Ciulu', 'Banjarsari', 'Ciamis', 'Jawa Barat'),
(111, 'Kalijaya', 'Banjarsari', 'Ciamis', 'Jawa Barat'),
(112, 'Karyamukti', 'Banjarsari', 'Ciamis', 'Jawa Barat'),
(113, 'Kawasen', 'Banjarsari', 'Ciamis', 'Jawa Barat'),
(114, 'Langkapsari ', 'Banjarsari ', 'Ciamis', 'Jawa Barat'),
(115, 'Cihaurbeuti', 'Cihaurbeuti', 'Ciamis', 'Jawa Barat'),
(116, 'Cijulang', 'Cihaurbeuti', 'Ciamis', 'Jawa Barat'),
(117, 'Padamulya', 'Cihaurbeuti', 'Ciamis', 'Jawa Barat'),
(118, 'Pamokolan', 'Cihaurbeuti', 'Ciamis', 'Jawa Barat'),
(119, 'Pasirtamiang', 'Cihaurbeuti', 'Ciamis', 'Jawa Barat'),
(120, 'Sukahaji', 'Cihaurbeuti', 'Ciamis', 'Jawa Barat'),
(121, 'Sukahurip', 'Cihaurbeuti', 'Ciamis', 'Jawa Barat'),
(122, 'Sukamaju ', 'Cihaurbeuti', 'Ciamis', 'Jawa Barat'),
(123, 'Sukamulya', 'Cihaurbeuti', 'Ciamis', 'Jawa Barat'),
(124, 'Cijeungjing', 'Cijeungjing', 'Ciamis', 'Jawa Barat'),
(125, 'Dewasari ', 'Cijeungjing', 'Ciamis', 'Jawa Barat'),
(126, ' Handapherang', 'Cijeungjing', 'Ciamis', 'Jawa Barat'),
(127, 'Karanganyar', 'Cijeungjing', 'Ciamis', 'Jawa Barat'),
(128, 'Karangkamulyan ', 'Cijeungjing', 'Ciamis', 'Jawa Barat'),
(129, 'Kertabumi', 'Cijeungjing', 'Ciamis', 'Jawa Barat'),
(130, 'Cimerak', 'Cimerak', 'Ciamis', 'Jawa Barat'),
(131, 'Ciparanti', 'Cimerak', 'Ciamis', 'Jawa Barat'),
(132, 'Kertaharja', 'Cimerak', 'Ciamis', 'Jawa Barat'),
(133, 'Kertamukti', 'Cimerak', 'Ciamis', 'Jawa Barat'),
(134, 'Legokjawa', 'Cimerak', 'Ciamis', 'Jawa Barat'),
(135, 'Limusgede', 'Cimerak', 'Ciamis', 'Jawa Barat'),
(136, 'Cisaga', 'Cisaga', 'Ciamis', 'Jawa Barat'),
(137, 'Danasari', 'Cisaga', 'Ciamis', 'Jawa Barat'),
(138, 'Kepel', 'Cisaga', 'Ciamis', 'Jawa Barat'),
(139, 'Mekarmukti ', 'Cisaga', 'Ciamis', 'Jawa Barat'),
(140, 'Sidamulya', 'Cisaga', 'Ciamis', 'Jawa Barat'),
(141, 'Jangraga', 'Mangunjaya', 'Ciamis', 'Jawa Barat'),
(142, 'Mangunjaya', 'Mangunjaya', 'Ciamis', 'Jawa Barat'),
(143, 'Sukamaju', 'Mangunjaya', 'Ciamis', 'Jawa Barat'),
(144, 'Banjarwangi', 'Banjarwangi', 'Garut', 'Jawa Barat'),
(145, 'Bojong', 'Banjarwangi', 'Ciamis', 'Jawa Barat'),
(146, 'Dangiang', 'Banjarwangi', 'Garut', 'Jawa Barat'),
(147, 'Jayabakti', 'Banjarwangi', 'Garut', 'Jawa Barat'),
(148, 'Kadongdong', 'Banjarwangi', 'Garut', 'Jawa Barat'),
(149, 'Mulyajaya', 'Banjarwangi', 'Garut', 'Jawa Barat'),
(150, 'Tanjungjaya ', 'Banjarwangi', 'Garut', 'Jawa Barat'),
(151, 'Wangunjaya ', 'Banjarwangi', 'Garut', 'Jawa Barat'),
(152, ' Cibatu', ' Cibatu', 'Garut', 'Jawa Barat'),
(153, 'Cibatu', 'Cibatu', 'Garut', 'Jawa Barat'),
(154, 'Karyamukti', 'Cibatu', 'Garut', 'Jawa Barat'),
(155, 'Mekarsari', 'Cibatu', 'Garut', 'Jawa Barat'),
(156, 'Sindangsuka', 'Cibatu', 'Garut', 'Jawa Barat'),
(157, 'Sukalilah', 'Cibatu', 'Garut', 'Jawa Barat'),
(158, 'Cibiuk Kaler', 'Cibiuk', 'Garut', 'Jawa Barat'),
(159, 'Cibiuk Kidu', 'Cibiuk', 'Garut', 'Jawa Barat'),
(160, 'Majasari ', 'Cibiuk', 'Garut', 'Jawa Barat'),
(161, 'Cigedug ', 'Cigedug ', 'Garut', 'Jawa Barat'),
(162, 'Sindangsari', 'Cigedug ', 'Garut', 'Jawa Barat'),
(163, 'Sukahurip', 'Cigedug ', 'Garut', 'Jawa Barat'),
(164, 'Cihurip', 'Cihurip', 'Garut', 'Jawa Barat'),
(165, 'Cisangkal', 'Cihurip', 'Garut', 'Jawa Barat'),
(166, 'Mekarwangi ', 'Cihurip', 'Garut', 'Jawa Barat'),
(167, 'Jayamukti ', 'Cihurip', 'Garut', 'Jawa Barat'),
(168, ' Cikelet', ' Cikelet', 'Garut', 'Jawa Barat'),
(169, 'Ciroyom', 'Cikelet', 'Garut', 'Jawa Barat'),
(170, 'Girimukti ', 'Cikelet', 'Garut', 'Jawa Barat'),
(171, 'Pamalayan', 'Cikelet', 'Garut', 'Jawa Barat'),
(172, 'Cikarang', 'Cisewu', 'Garut', 'Jawa Barat'),
(173, 'Cisewu', 'Cisewu', 'Garut', 'Jawa Barat'),
(174, 'Sukajaya', 'Cisewu', 'Garut', 'Jawa Barat'),
(175, 'Babakancikao', 'Babakancikao', 'Purwakarta', 'Jawa Barat'),
(176, 'Cicadas', 'Babakancikao', 'Purwakarta', 'Jawa Barat'),
(177, 'Cigelam', 'Babakancikao', 'Purwakarta', 'Jawa Barat'),
(178, 'Cigelam wetan', 'Babakancikao', 'Purwakarta', 'Jawa Barat'),
(179, 'Ciwareng', 'Babakancikao', 'Purwakarta', 'Jawa Barat'),
(180, 'Hegarmanah ', 'Babakancikao', 'Purwakarta', 'Jawa Barat'),
(181, 'Maracang', 'Babakancikao', 'Purwakarta', 'Jawa Barat'),
(182, 'Bojong Barat', 'Bojong', 'Purwakarta', 'Jawa Barat'),
(183, 'Cibingbin', 'Bojong', 'Purwakarta', 'Jawa Barat'),
(184, 'Cihanjawar', 'Bojong', 'Purwakarta', 'Jawa Barat'),
(185, 'Kertasari', 'Bojong', 'Purwakarta', 'Jawa Barat'),
(186, 'Bungursari', 'Bungursari', 'Purwakarta', 'Jawa Barat'),
(187, 'Cibening', 'Bungursari', 'Purwakarta', 'Jawa Barat'),
(188, ' Cibodas', 'Bungursari', 'Purwakarta', 'Jawa Barat'),
(189, ' Cikopo', 'Bungursari', 'Purwakarta', 'Jawa Barat'),
(190, 'Ciwangi ', 'Bungursari', 'Purwakarta', 'Jawa Barat'),
(191, ' Campaka', ' Campaka', 'Purwakarta', 'Jawa Barat'),
(192, 'Campakasari ', ' Campaka', 'Purwakarta', 'Jawa Barat'),
(193, 'Cijaya', 'Campaka', 'Purwakarta', 'Jawa Barat'),
(194, ' Cijunti', 'Campaka', 'Purwakarta', 'Jawa Barat'),
(195, 'Cikumpay', 'Campaka', 'Purwakarta', 'Jawa Barat'),
(196, 'Kertamukti', 'Campaka', 'Purwakarta', 'Jawa Barat'),
(197, 'Darangdan', 'Darangdan', 'Purwakarta', 'Jawa Barat'),
(198, 'Gununghejo ', 'Darangdan', 'Purwakarta', 'Jawa Barat'),
(199, 'Legoksari', 'Darangdan', 'Purwakarta', 'Jawa Barat'),
(200, 'Linggamukti', 'Darangdan', 'Purwakarta', 'Jawa Barat'),
(201, 'Nangewer', 'Darangdan', 'Purwakarta', 'Jawa Barat'),
(202, 'Sirnamanah ', 'Darangdan', 'Purwakarta', 'Jawa Barat'),
(203, 'Pasawahan ', 'Pasawahan ', 'Purwakarta', 'Jawa Barat'),
(204, 'Cihuni ', 'Pasawahan ', 'Purwakarta', 'Jawa Barat'),
(205, 'Plered', 'Gandasoli ', 'Purwakarta', 'Jawa Barat'),
(206, 'Liunggunung', 'Plered', 'Purwakarta', 'Jawa Barat'),
(207, 'Pamoyanan', 'Plered', 'Purwakarta', 'Jawa Barat'),
(208, 'Gurudug', 'Pondoksalam', 'Purwakarta', 'Jawa Barat'),
(209, 'Salammulya', 'Pondoksalam', 'Purwakarta', 'Jawa Barat'),
(210, 'Pondokbungur', 'Pondoksalam', 'Purwakarta', 'Jawa Barat');

-- --------------------------------------------------------

--
-- Struktur dari tabel `hasil`
--

CREATE TABLE IF NOT EXISTS `hasil` (
`id` int(10) NOT NULL,
  `id_desa` int(10) NOT NULL,
  `nama_desa` varchar(255) NOT NULL,
  `kecamatan` varchar(255) NOT NULL,
  `tahun` varchar(255) NOT NULL,
  `nilai` float NOT NULL
) ENGINE=InnoDB AUTO_INCREMENT=16223 DEFAULT CHARSET=latin1;

--
-- Dumping data untuk tabel `hasil`
--

INSERT INTO `hasil` (`id`, `id_desa`, `nama_desa`, `kecamatan`, `tahun`, `nilai`) VALUES
(60, 12, 'Babakan Sari', 'Bantarujeg', '2017', 84),
(61, 13, 'Sukataris', 'Karaang Tengah', '2017', 89.1429),
(62, 14, 'Cimeong', 'Banjaran', '2017', 97.1429),
(63, 15, 'Batujaya', 'Cigasong', '2017', 70.2857),
(64, 16, 'Banjarwangi', 'Banjarwangi', '2017', 73.1429),
(65, 17, 'Majasari', 'Cibiuk', '2017', 89.1429),
(66, 18, 'Cangkuang', 'Leles', '2017', 89.1429),
(67, 19, 'Jatimulya', 'Pameungpeuk', '2017', 100),
(68, 20, 'Ciherang	', 'Banjarsari', '2017', 84),
(69, 21, 'Panyingkiran', 'Ciamis', '2017', 86.2857),
(70, 34, 'Bojongkaso', 'Agrabinta', '2017', 67.4286),
(617, 12, 'Babakan Sari', 'Bantarujeg', '2019', 84),
(618, 13, 'Sukataris', 'Karaang Tengah', '2019', 89.1429),
(619, 14, 'Cimeong', 'Banjaran', '2019', 97.1429),
(620, 15, 'Batujaya', 'Cigasong', '2019', 70.2857),
(621, 16, 'Banjarwangi', 'Banjarwangi', '2019', 73.1429),
(622, 17, 'Majasari', 'Cibiuk', '2019', 89.1429),
(623, 18, 'Cangkuang', 'Leles', '2019', 89.1429),
(624, 19, 'Jatimulya', 'Pameungpeuk', '2019', 81.1429),
(625, 20, 'Ciherang	', 'Banjarsari', '2019', 84),
(626, 21, 'Panyingkiran', 'Ciamis', '2019', 86.2857),
(627, 34, 'Bojongkaso', 'Agrabinta', '2019', 67.4286),
(628, 35, 'Bunisari', 'Agrabinta', '2019', 84),
(629, 36, 'Karangsari', 'Agrabinta', '2019', 81.1429),
(630, 37, 'Mekarsari', 'Agrabinta', '2019', 92),
(631, 38, 'Neglasari ', 'Agrabinta', '2019', 84),
(632, 39, 'Tanjungsari', 'Agrabinta', '2019', 92),
(633, 40, 'Wanasari', 'Agrabinta', '2019', 75.4286),
(634, 41, 'Bojongpicung', 'Bojongpicung', '2019', 81.1429),
(635, 42, ' Cibarengkok', 'Bojongpicung', '2019', 89.1429),
(636, 43, 'Cikondang', 'Bojongpicung', '2019', 89.1429),
(637, 44, 'Hegarmanah', 'Bojongpicung', '2019', 86.2857),
(638, 46, 'Jatisari ', 'Bojongpicung', '2019', 89.1429),
(639, 47, 'Kemang', 'Bojongpicung', '2019', 84),
(640, 48, ' Neglasari', 'Bojongpicung', '2019', 89.1429),
(641, 49, ' Sukajaya', 'Bojongpicung', '2019', 81.1429),
(642, 50, 'Sukarama', 'Bojongpicung', '2019', 64.5714),
(643, 51, ' Sukaratu', 'Bojongpicung', '2019', 83.4286),
(644, 52, 'Campaka', 'Campaka', '2019', 86.2857),
(645, 53, 'Cidadap', 'Campaka', '2019', 97.1429),
(646, 54, 'Cimenteng', 'Campaka', '2019', 94.8571),
(647, 55, 'Girimukti', 'Campaka', '2019', 92),
(648, 56, 'Karyamukti', 'Campaka', '2019', 86.2857),
(649, 57, 'Margaluyu', 'Campaka', '2019', 86.2857),
(650, 58, 'Mekarjaya ', 'Campaka', '2019', 69.7143),
(16054, 12, 'Babakan Sari', 'Bantarujeg', '2018', 97.1429),
(16055, 13, 'Sukataris', 'Karaang Tengah', '2018', 89.1429),
(16056, 14, 'Cimeong', 'Banjaran', '2018', 97.1429),
(16057, 15, 'Batujaya', 'Cigasong', '2018', 70.2857),
(16058, 16, 'Banjarwangi', 'Banjarwangi', '2018', 89.1429),
(16059, 17, 'Majasari', 'Cibiuk', '2018', 89.1429),
(16060, 18, 'Cangkuang', 'Leles', '2018', 89.1429),
(16061, 19, 'Jatimulya', 'Pameungpeuk', '2018', 81.1429),
(16062, 20, 'Ciherang	', 'Banjarsari', '2018', 84),
(16063, 21, 'Panyingkiran', 'Ciamis', '2018', 86.2857),
(16064, 25, ' Bungursari ', ' Bungursari ', '2018', 100),
(16065, 31, 'Cisaga ', 'cibogo', '2018', 86.2857),
(16066, 34, 'Bojongkaso', 'Agrabinta', '2018', 94.8571),
(16067, 35, 'Bunisari', 'Agrabinta', '2018', 84),
(16068, 36, 'Karangsari', 'Agrabinta', '2018', 81.1429),
(16069, 37, 'Mekarsari', 'Agrabinta', '2018', 97.1429),
(16070, 38, 'Neglasari ', 'Agrabinta', '2018', 84),
(16071, 39, 'Tanjungsari', 'Agrabinta', '2018', 92),
(16072, 40, 'Wanasari', 'Agrabinta', '2018', 75.4286),
(16073, 41, 'Bojongpicung', 'Bojongpicung', '2018', 81.1429),
(16074, 42, ' Cibarengkok', 'Bojongpicung', '2018', 89.1429),
(16075, 43, 'Cikondang', 'Bojongpicung', '2018', 89.1429),
(16076, 44, 'Hegarmanah', 'Bojongpicung', '2018', 86.2857),
(16077, 46, 'Jatisari ', 'Bojongpicung', '2018', 89.1429),
(16078, 47, 'Kemang', 'Bojongpicung', '2018', 84),
(16079, 48, ' Neglasari', 'Bojongpicung', '2018', 89.1429),
(16080, 49, ' Sukajaya', 'Bojongpicung', '2018', 100),
(16081, 50, 'Sukarama', 'Bojongpicung', '2018', 64.5714),
(16082, 51, ' Sukaratu', 'Bojongpicung', '2018', 83.4286),
(16083, 52, 'Campaka', 'Campaka', '2018', 86.2857),
(16084, 53, 'Cidadap', 'Campaka', '2018', 97.1429),
(16085, 54, 'Cimenteng', 'Campaka', '2018', 94.8571),
(16086, 55, 'Girimukti', 'Campaka', '2018', 92),
(16087, 56, 'Karyamukti', 'Campaka', '2018', 100),
(16088, 57, 'Margaluyu', 'Campaka', '2018', 86.2857),
(16089, 58, 'Mekarjaya ', 'Campaka', '2018', 94.8571),
(16090, 59, 'Sukadana', 'Campaka', '2018', 92),
(16091, 60, ' Sukajadi ', 'Campaka', '2018', 78.2857),
(16092, 61, ' Susukan', 'Campaka', '2018', 84),
(16093, 62, 'Wangunjaya', 'Campaka', '2018', 81.1429),
(16094, 63, 'Campakamulya', 'Campakamulya', '2018', 100),
(16095, 64, 'Campakawarna', 'Campakamulya', '2018', 94.8571),
(16096, 65, 'Cibanggala', 'Campakamulya', '2018', 83.4286),
(16097, 66, 'Sukabungah', 'Campakamulya', '2018', 94.8571),
(16098, 67, 'Sukasirna', 'Campakamulya', '2018', 86.2857),
(16099, 68, 'Babakankaret', ' Cianjur', '2018', 89.1429),
(16100, 69, 'Limbangan Sari', 'cianjur', '2018', 86.2857),
(16101, 71, ' Pamoyanan', 'Cianjur', '2018', 100),
(16102, 72, 'Sawah Gede', 'Cianjur', '2018', 81.1429),
(16103, 73, 'Sayang', 'Cianjur', '2018', 92),
(16104, 74, 'Solokpandan', 'Cianjur', '2018', 81.1429),
(16105, 75, 'Cibadak', 'Cibeber', '2018', 81.1429),
(16106, 76, 'Cibokor', 'Cibeber', '2018', 100),
(16107, 77, 'Girimulya', 'Cibeber', '2018', 92),
(16108, 78, 'Kanoman', 'Cibeber', '2018', 89.1429),
(16109, 79, 'Sukamanah', 'Cibeber', '2018', 84),
(16110, 80, 'Argalingga', 'Argapura', '2018', 78.2857),
(16111, 81, 'Argamukti', 'Argapura', '2018', 78.2857),
(16112, 82, 'Cibunut', 'Argapura', '2018', 75.4286),
(16113, 83, 'Cikaracak', 'Argapura', '2018', 89.1429),
(16114, 84, 'Gunungwangi', 'Argapura', '2018', 84),
(16115, 85, ' Heubeulisuk', 'Argapura', '2018', 81.1429),
(16116, 86, 'Mekarwangi', 'Argapura', '2018', 75.4286),
(16117, 88, 'Karayunan', ' Cigasong', '2018', 81.1429),
(16118, 89, 'Simpeureum', 'Cigasong', '2018', 86.2857),
(16119, 90, 'Tenjolayar', 'Cigasong', '2018', 84),
(16120, 91, 'Jatitujuh', 'Jatitujuh', '2018', 100),
(16121, 92, 'Pangkalanpari ', 'Jatitujuh', '2018', 75.4286),
(16122, 94, 'Bantarjati', 'Kertajati', '2018', 94.8571),
(16123, 95, 'Kertajati', 'Kertajati', '2018', 89.1429),
(16124, 96, 'Kertasari ', 'Kertajati', '2018', 97.1429),
(16125, 97, 'Kertawinangun', 'Kertajati', '2018', 89.1429),
(16126, 99, 'Mekarmulya', 'Kertajati', '2018', 86.2857),
(16127, 100, ' Pakubeureum', 'Kertajati', '2018', 89.1429),
(16128, 101, 'Palasah ', 'Kertajati', '2018', 92),
(16129, 102, ' Pasiripis', 'Kertajati', '2018', 89.1429),
(16130, 103, 'Banjaranyar', 'Banjarsari', '2018', 94.8571),
(16131, 104, 'Banjarsari ', 'Banjarsari ', '2018', 89.1429),
(16132, 105, ' Cibadak', 'Banjarsari', '2018', 89.1429),
(16133, 106, 'Cigayam', 'Banjarsari ', '2018', 86.8571),
(16134, 107, ' Ciherang', 'Banjarsari ', '2018', 89.1429),
(16135, 108, 'Cikaso', 'Banjarsari ', '2018', 92),
(16136, 109, 'Cikupa', 'Banjarsari', '2018', 86.2857),
(16137, 110, 'Ciulu', 'Banjarsari', '2018', 89.1429),
(16138, 111, 'Kalijaya', 'Banjarsari', '2018', 86.2857),
(16139, 113, 'Kawasen', 'Banjarsari', '2018', 94.8571),
(16140, 114, 'Langkapsari ', 'Banjarsari ', '2018', 92),
(16141, 115, 'Cihaurbeuti', 'Cihaurbeuti', '2018', 92),
(16142, 116, 'Cijulang', 'Cihaurbeuti', '2018', 86.2857),
(16143, 117, 'Padamulya', 'Cihaurbeuti', '2018', 89.1429),
(16144, 118, 'Pamokolan', 'Cihaurbeuti', '2018', 89.1429),
(16145, 119, 'Pasirtamiang', 'Cihaurbeuti', '2018', 94.8571),
(16146, 120, 'Sukahaji', 'Cihaurbeuti', '2018', 89.1429),
(16147, 121, 'Sukahurip', 'Cihaurbeuti', '2018', 89.1429),
(16148, 122, 'Sukamaju ', 'Cihaurbeuti', '2018', 89.1429),
(16149, 123, 'Sukamulya', 'Cihaurbeuti', '2018', 86.2857),
(16150, 124, 'Cijeungjing', 'Cijeungjing', '2018', 89.1429),
(16151, 125, 'Dewasari ', 'Cijeungjing', '2018', 89.1429),
(16152, 126, ' Handapherang', 'Cijeungjing', '2018', 89.1429),
(16153, 127, 'Karanganyar', 'Cijeungjing', '2018', 92),
(16154, 128, 'Karangkamulyan ', 'Cijeungjing', '2018', 92),
(16155, 129, 'Kertabumi', 'Cijeungjing', '2018', 94.8571),
(16156, 130, 'Cimerak', 'Cimerak', '2018', 89.1429),
(16157, 131, 'Ciparanti', 'Cimerak', '2018', 92),
(16158, 132, 'Kertaharja', 'Cimerak', '2018', 92),
(16159, 133, 'Kertamukti', 'Cimerak', '2018', 100),
(16160, 134, 'Legokjawa', 'Cimerak', '2018', 89.1429),
(16161, 135, 'Limusgede', 'Cimerak', '2018', 86.2857),
(16162, 137, 'Danasari', 'Cisaga', '2018', 92),
(16163, 138, 'Kepel', 'Cisaga', '2018', 86.8571),
(16164, 139, 'Mekarmukti ', 'Cisaga', '2018', 94.8571),
(16165, 140, 'Sidamulya', 'Cisaga', '2018', 89.1429),
(16166, 141, 'Jangraga', 'Mangunjaya', '2018', 86.2857),
(16167, 142, 'Mangunjaya', 'Mangunjaya', '2018', 92),
(16168, 146, 'Dangiang', 'Banjarwangi', '2018', 94.8571),
(16169, 147, 'Jayabakti', 'Banjarwangi', '2018', 89.1429),
(16170, 148, 'Kadongdong', 'Banjarwangi', '2018', 86.2857),
(16171, 149, 'Mulyajaya', 'Banjarwangi', '2018', 94.8571),
(16172, 150, 'Tanjungjaya ', 'Banjarwangi', '2018', 89.1429),
(16173, 151, 'Wangunjaya ', 'Banjarwangi', '2018', 89.1429),
(16174, 152, ' Cibatu', ' Cibatu', '2018', 100),
(16175, 156, 'Sindangsuka', 'Cibatu', '2018', 92),
(16176, 157, 'Sukalilah', 'Cibatu', '2018', 94.8571),
(16177, 158, 'Cibiuk Kaler', 'Cibiuk', '2018', 92),
(16178, 159, 'Cibiuk Kidu', 'Cibiuk', '2018', 100),
(16179, 160, 'Majasari ', 'Cibiuk', '2018', 100),
(16180, 161, 'Cigedug ', 'Cigedug ', '2018', 100),
(16181, 162, 'Sindangsari', 'Cigedug ', '2018', 100),
(16182, 164, 'Cihurip', 'Cihurip', '2018', 89.1429),
(16183, 165, 'Cisangkal', 'Cihurip', '2018', 100),
(16184, 166, 'Mekarwangi ', 'Cihurip', '2018', 100),
(16185, 167, 'Jayamukti ', 'Cihurip', '2018', 89.1429),
(16186, 168, ' Cikelet', ' Cikelet', '2018', 86.2857),
(16187, 169, 'Ciroyom', 'Cikelet', '2018', 100),
(16188, 170, 'Girimukti ', 'Cikelet', '2018', 89.1429),
(16189, 171, 'Pamalayan', 'Cikelet', '2018', 86.2857),
(16190, 172, 'Cikarang', 'Cisewu', '2018', 100),
(16191, 173, 'Cisewu', 'Cisewu', '2018', 86.2857),
(16192, 175, 'Babakancikao', 'Babakancikao', '2018', 100),
(16193, 176, 'Cicadas', 'Babakancikao', '2018', 86.2857),
(16194, 177, 'Cigelam', 'Babakancikao', '2018', 97.1429),
(16195, 179, 'Ciwareng', 'Babakancikao', '2018', 94.8571),
(16196, 180, 'Hegarmanah ', 'Babakancikao', '2018', 100),
(16197, 181, 'Maracang', 'Babakancikao', '2018', 100),
(16198, 182, 'Bojong Barat', 'Bojong', '2018', 86.2857),
(16199, 183, 'Cibingbin', 'Bojong', '2018', 100),
(16200, 184, 'Cihanjawar', 'Bojong', '2018', 89.1429),
(16201, 187, 'Cibening', 'Bungursari', '2018', 94.8571),
(16202, 188, ' Cibodas', 'Bungursari', '2018', 100),
(16203, 189, ' Cikopo', 'Bungursari', '2018', 89.1429),
(16204, 190, 'Ciwangi ', 'Bungursari', '2018', 100),
(16205, 191, ' Campaka', ' Campaka', '2018', 94.8571),
(16206, 192, 'Campakasari ', ' Campaka', '2018', 86.2857),
(16207, 193, 'Cijaya', 'Campaka', '2018', 94.8571),
(16208, 194, ' Cijunti', 'Campaka', '2018', 100),
(16209, 195, 'Cikumpay', 'Campaka', '2018', 94.8571),
(16210, 197, 'Darangdan', 'Darangdan', '2018', 94.8571),
(16211, 198, 'Gununghejo ', 'Darangdan', '2018', 86.2857),
(16212, 199, 'Legoksari', 'Darangdan', '2018', 89.1429),
(16213, 200, 'Linggamukti', 'Darangdan', '2018', 100),
(16214, 201, 'Nangewer', 'Darangdan', '2018', 100),
(16215, 202, 'Sirnamanah ', 'Darangdan', '2018', 92),
(16216, 203, 'Pasawahan ', 'Pasawahan ', '2018', 92),
(16217, 204, 'Cihuni ', 'Pasawahan ', '2018', 86.2857),
(16218, 205, 'Plered', 'Gandasoli ', '2018', 92),
(16219, 206, 'Liunggunung', 'Plered', '2018', 83.4286),
(16220, 208, 'Gurudug', 'Pondoksalam', '2018', 100),
(16221, 209, 'Salammulya', 'Pondoksalam', '2018', 86.2857),
(16222, 210, 'Pondokbungur', 'Pondoksalam', '2018', 100);

-- --------------------------------------------------------

--
-- Struktur dari tabel `modul`
--

CREATE TABLE IF NOT EXISTS `modul` (
`id_modul` int(5) NOT NULL,
  `nama_modul` varchar(50) COLLATE latin1_general_ci NOT NULL,
  `link` varchar(100) COLLATE latin1_general_ci NOT NULL,
  `static_content` text COLLATE latin1_general_ci NOT NULL,
  `gambar` varchar(100) COLLATE latin1_general_ci NOT NULL,
  `publish` enum('Y','N') COLLATE latin1_general_ci NOT NULL DEFAULT 'Y',
  `status` enum('dpl','admin') COLLATE latin1_general_ci NOT NULL,
  `aktif` enum('Y','N') COLLATE latin1_general_ci NOT NULL DEFAULT 'Y',
  `urutan` int(5) NOT NULL,
  `link_seo` varchar(50) COLLATE latin1_general_ci NOT NULL,
  `Type` varchar(10) COLLATE latin1_general_ci NOT NULL
) ENGINE=MyISAM AUTO_INCREMENT=82 DEFAULT CHARSET=latin1 COLLATE=latin1_general_ci;

--
-- Dumping data untuk tabel `modul`
--

INSERT INTO `modul` (`id_modul`, `nama_modul`, `link`, `static_content`, `gambar`, `publish`, `status`, `aktif`, `urutan`, `link_seo`, `Type`) VALUES
(37, 'Data Desa', '?module=desa', '', 'gedungku.jpg', 'Y', 'admin', 'Y', 1, 'profil-kami.html', 'dpl'),
(81, 'Pembobotan Kriteria', '?module=saw', '', '', 'N', 'admin', 'Y', 5, '', 'dpl'),
(78, 'Data Kriteria', '?module=saw&act=himpunankriteria', '', '', 'Y', 'admin', 'Y', 11, '', ''),
(68, 'Laporan Hasil Analisa ', '?module=saw&act=analisa', '', '', 'Y', 'admin', 'Y', 9, '', 'Report'),
(79, 'Data Klasifikasi', '?module=saw&act=klasifikasi', '', '', 'Y', 'admin', 'Y', 12, '', 'dpl');

-- --------------------------------------------------------

--
-- Struktur dari tabel `registrasi_siswa`
--

CREATE TABLE IF NOT EXISTS `registrasi_siswa` (
`id_registrasi` int(9) NOT NULL,
  `nis` varchar(50) NOT NULL,
  `nama_lengkap` varchar(100) NOT NULL,
  `username_login` varchar(50) NOT NULL,
  `password_login` varchar(50) NOT NULL,
  `id_kelas` varchar(5) NOT NULL,
  `jabatan` varchar(200) NOT NULL,
  `alamat` varchar(150) NOT NULL,
  `tempat_lahir` varchar(100) NOT NULL,
  `tgl_lahir` date NOT NULL,
  `jenis_kelamin` enum('L','P') NOT NULL,
  `agama` varchar(20) NOT NULL,
  `nama_ayah` varchar(100) NOT NULL,
  `nama_ibu` varchar(100) NOT NULL,
  `th_masuk` varchar(4) NOT NULL,
  `email` varchar(50) NOT NULL,
  `no_telp` varchar(20) NOT NULL,
  `foto` varchar(150) NOT NULL,
  `blokir` enum('Y','N') NOT NULL,
  `id_session` varchar(100) NOT NULL,
  `id_session_soal` varchar(100) NOT NULL,
  `level` varchar(20) NOT NULL DEFAULT 'siswa'
) ENGINE=MyISAM AUTO_INCREMENT=11 DEFAULT CHARSET=latin1;

-- --------------------------------------------------------

--
-- Struktur dari tabel `tbl_himpunankriteria`
--

CREATE TABLE IF NOT EXISTS `tbl_himpunankriteria` (
`id_hk` int(11) NOT NULL,
  `id_kriteria` int(11) NOT NULL,
  `nama` varchar(60) NOT NULL,
  `keterangan` varchar(15) NOT NULL,
  `nilai` int(11) NOT NULL
) ENGINE=InnoDB AUTO_INCREMENT=13 DEFAULT CHARSET=latin1;

--
-- Dumping data untuk tabel `tbl_himpunankriteria`
--

INSERT INTO `tbl_himpunankriteria` (`id_hk`, `id_kriteria`, `nama`, `keterangan`, `nilai`) VALUES
(1, 11, 'Y', 'Ya', 70),
(2, 11, 'T', 'Tidak', 30),
(3, 3, 'Y', 'Ya', 70),
(4, 3, 'T', 'Tidak', 30),
(5, 4, 'Y', 'Ya', 70),
(6, 4, 'T', 'Tidak', 30),
(7, 5, 'Y', 'Ya', 70),
(8, 5, 'T', 'Tidak', 30),
(9, 6, 'Y', 'Ya', 70),
(10, 6, 'T', 'Tidak', 30),
(11, 10, 'Y', 'Ya', 70),
(12, 10, 'T', 'Tidak', 30);

-- --------------------------------------------------------

--
-- Struktur dari tabel `tbl_klasifikasi`
--

CREATE TABLE IF NOT EXISTS `tbl_klasifikasi` (
`id_klasifikasi` int(11) NOT NULL,
  `id_desa` int(11) NOT NULL,
  `id_hk` int(11) NOT NULL
) ENGINE=InnoDB AUTO_INCREMENT=1135 DEFAULT CHARSET=latin1;

--
-- Dumping data untuk tabel `tbl_klasifikasi`
--

INSERT INTO `tbl_klasifikasi` (`id_klasifikasi`, `id_desa`, `id_hk`) VALUES
(7, 13, 1),
(8, 13, 3),
(9, 13, 6),
(10, 13, 7),
(11, 13, 9),
(12, 13, 11),
(13, 14, 1),
(14, 14, 3),
(15, 14, 5),
(16, 14, 7),
(17, 14, 9),
(18, 14, 12),
(25, 15, 1),
(26, 15, 4),
(27, 15, 5),
(28, 15, 8),
(29, 15, 10),
(30, 15, 12),
(37, 17, 1),
(38, 17, 3),
(39, 17, 6),
(40, 17, 7),
(41, 17, 9),
(42, 17, 11),
(43, 18, 1),
(44, 18, 3),
(45, 18, 6),
(46, 18, 7),
(47, 18, 9),
(48, 18, 11),
(55, 20, 1),
(56, 20, 3),
(57, 20, 6),
(58, 20, 7),
(59, 20, 10),
(60, 20, 11),
(61, 21, 1),
(62, 21, 4),
(63, 21, 5),
(64, 21, 7),
(65, 21, 9),
(66, 21, 11),
(73, 35, 1),
(74, 35, 3),
(75, 35, 6),
(76, 35, 7),
(77, 35, 10),
(78, 35, 11),
(79, 36, 1),
(80, 36, 4),
(81, 36, 5),
(82, 36, 7),
(83, 36, 10),
(84, 36, 11),
(91, 38, 1),
(92, 38, 3),
(93, 38, 6),
(94, 38, 7),
(95, 38, 10),
(96, 38, 11),
(97, 39, 1),
(98, 39, 3),
(99, 39, 5),
(100, 39, 8),
(101, 39, 9),
(102, 39, 11),
(103, 40, 1),
(104, 40, 4),
(105, 40, 6),
(106, 40, 7),
(107, 40, 9),
(108, 40, 11),
(109, 41, 1),
(110, 41, 4),
(111, 41, 5),
(112, 41, 7),
(113, 41, 10),
(114, 41, 11),
(115, 42, 1),
(116, 42, 3),
(117, 42, 5),
(118, 42, 8),
(119, 42, 9),
(120, 42, 12),
(121, 43, 1),
(122, 43, 3),
(123, 43, 5),
(124, 43, 8),
(125, 43, 9),
(126, 43, 12),
(127, 44, 1),
(128, 44, 3),
(129, 44, 6),
(130, 44, 7),
(131, 44, 9),
(132, 44, 12),
(133, 19, 1),
(134, 19, 4),
(135, 19, 5),
(136, 19, 7),
(137, 19, 10),
(138, 19, 11),
(139, 46, 1),
(140, 46, 3),
(141, 46, 5),
(142, 46, 8),
(143, 46, 9),
(144, 46, 12),
(145, 47, 1),
(146, 47, 3),
(147, 47, 5),
(148, 47, 8),
(149, 47, 10),
(150, 47, 12),
(151, 48, 1),
(152, 48, 3),
(153, 48, 6),
(154, 48, 7),
(155, 48, 9),
(156, 48, 11),
(163, 50, 2),
(164, 50, 3),
(165, 50, 6),
(166, 50, 8),
(167, 50, 9),
(168, 50, 11),
(169, 51, 1),
(170, 51, 4),
(171, 51, 5),
(172, 51, 7),
(173, 51, 9),
(174, 51, 12),
(175, 52, 1),
(176, 52, 3),
(177, 52, 6),
(178, 52, 7),
(179, 52, 9),
(180, 52, 12),
(181, 53, 1),
(182, 53, 3),
(183, 53, 5),
(184, 53, 7),
(185, 53, 9),
(186, 53, 12),
(193, 54, 1),
(194, 54, 3),
(195, 54, 5),
(196, 54, 7),
(197, 54, 10),
(198, 54, 11),
(199, 55, 1),
(200, 55, 3),
(201, 55, 5),
(202, 55, 8),
(203, 55, 9),
(204, 55, 11),
(211, 57, 1),
(212, 57, 4),
(213, 57, 5),
(214, 57, 7),
(215, 57, 9),
(216, 57, 11),
(223, 59, 1),
(224, 59, 3),
(225, 59, 5),
(226, 59, 7),
(227, 59, 10),
(228, 59, 12),
(229, 60, 1),
(230, 60, 4),
(231, 60, 5),
(232, 60, 8),
(233, 60, 9),
(234, 60, 11),
(235, 61, 1),
(236, 61, 3),
(237, 61, 6),
(238, 61, 7),
(239, 61, 10),
(240, 61, 11),
(241, 62, 1),
(242, 62, 4),
(243, 62, 5),
(244, 62, 7),
(245, 62, 10),
(246, 62, 11),
(247, 63, 1),
(248, 63, 3),
(249, 63, 5),
(250, 63, 7),
(251, 63, 9),
(252, 63, 11),
(253, 64, 1),
(254, 64, 3),
(255, 64, 5),
(256, 64, 7),
(257, 64, 10),
(258, 64, 11),
(259, 65, 1),
(260, 65, 4),
(261, 65, 5),
(262, 65, 7),
(263, 65, 9),
(264, 65, 12),
(265, 66, 1),
(266, 66, 3),
(267, 66, 5),
(268, 66, 7),
(269, 66, 10),
(270, 66, 11),
(271, 67, 1),
(272, 67, 4),
(273, 67, 5),
(274, 67, 7),
(275, 67, 9),
(276, 67, 11),
(277, 68, 1),
(278, 68, 3),
(279, 68, 6),
(280, 68, 7),
(281, 68, 9),
(282, 68, 11),
(289, 69, 1),
(290, 69, 4),
(291, 69, 5),
(292, 69, 7),
(293, 69, 9),
(294, 69, 11),
(307, 72, 1),
(308, 72, 4),
(309, 72, 5),
(310, 72, 7),
(311, 72, 10),
(312, 72, 11),
(313, 73, 1),
(314, 73, 3),
(315, 73, 5),
(316, 73, 8),
(317, 73, 9),
(318, 73, 11),
(319, 74, 1),
(320, 74, 4),
(321, 74, 5),
(322, 74, 7),
(323, 74, 10),
(324, 74, 11),
(325, 75, 1),
(326, 75, 4),
(327, 75, 5),
(328, 75, 7),
(329, 75, 10),
(330, 75, 11),
(331, 76, 1),
(332, 76, 3),
(333, 76, 5),
(334, 76, 7),
(335, 76, 9),
(336, 76, 11),
(337, 77, 1),
(338, 77, 3),
(339, 77, 5),
(340, 77, 8),
(341, 77, 9),
(342, 77, 11),
(343, 78, 1),
(344, 78, 3),
(345, 78, 6),
(346, 78, 7),
(347, 78, 9),
(348, 78, 11),
(349, 79, 1),
(350, 79, 3),
(351, 79, 6),
(352, 79, 7),
(353, 79, 10),
(354, 79, 11),
(355, 80, 1),
(356, 80, 4),
(357, 80, 5),
(358, 80, 8),
(359, 80, 9),
(360, 80, 11),
(361, 81, 1),
(362, 81, 4),
(363, 81, 5),
(364, 81, 8),
(365, 81, 9),
(366, 81, 11),
(367, 82, 1),
(368, 82, 4),
(369, 82, 6),
(370, 82, 7),
(371, 82, 9),
(372, 82, 11),
(373, 83, 1),
(374, 83, 3),
(375, 83, 6),
(376, 83, 7),
(377, 83, 9),
(378, 83, 11),
(379, 84, 1),
(380, 84, 3),
(381, 84, 6),
(382, 84, 7),
(383, 84, 10),
(384, 84, 11),
(385, 85, 1),
(386, 85, 3),
(387, 85, 6),
(388, 85, 8),
(389, 85, 9),
(390, 85, 11),
(391, 86, 1),
(392, 86, 4),
(393, 86, 6),
(394, 86, 7),
(395, 86, 9),
(396, 86, 11),
(403, 88, 1),
(404, 88, 3),
(405, 88, 6),
(406, 88, 8),
(407, 88, 9),
(408, 88, 11),
(409, 89, 1),
(410, 89, 3),
(411, 89, 6),
(412, 89, 7),
(413, 89, 9),
(414, 89, 12),
(415, 90, 1),
(416, 90, 3),
(417, 90, 6),
(418, 90, 7),
(419, 90, 10),
(420, 90, 11),
(421, 91, 1),
(422, 91, 3),
(423, 91, 5),
(424, 91, 7),
(425, 91, 9),
(426, 91, 11),
(427, 92, 1),
(428, 92, 4),
(429, 92, 6),
(430, 92, 7),
(431, 92, 9),
(432, 92, 11),
(433, 12, 1),
(434, 12, 3),
(435, 12, 5),
(436, 12, 7),
(437, 12, 9),
(438, 12, 12),
(439, 94, 1),
(440, 94, 3),
(441, 94, 5),
(442, 94, 7),
(443, 94, 10),
(444, 94, 11),
(445, 95, 1),
(446, 95, 3),
(447, 95, 6),
(448, 95, 7),
(449, 95, 9),
(450, 95, 11),
(457, 97, 1),
(458, 97, 3),
(459, 97, 6),
(460, 97, 7),
(461, 97, 9),
(462, 97, 11),
(463, 58, 1),
(464, 58, 3),
(465, 58, 5),
(466, 58, 7),
(467, 58, 10),
(468, 58, 11),
(469, 99, 1),
(470, 99, 4),
(471, 99, 5),
(472, 99, 7),
(473, 99, 9),
(474, 99, 11),
(475, 100, 1),
(476, 100, 3),
(477, 100, 6),
(478, 100, 7),
(479, 100, 9),
(480, 100, 11),
(481, 101, 1),
(482, 101, 3),
(483, 101, 5),
(484, 101, 7),
(485, 101, 10),
(486, 101, 12),
(487, 102, 1),
(488, 102, 3),
(489, 102, 6),
(490, 102, 7),
(491, 102, 9),
(492, 102, 11),
(493, 103, 1),
(494, 103, 3),
(495, 103, 5),
(496, 103, 7),
(497, 103, 10),
(498, 103, 11),
(499, 104, 1),
(500, 104, 3),
(501, 104, 6),
(502, 104, 7),
(503, 104, 9),
(504, 104, 11),
(505, 105, 1),
(506, 105, 3),
(507, 105, 5),
(508, 105, 8),
(509, 105, 9),
(510, 105, 12),
(511, 106, 1),
(512, 106, 3),
(513, 106, 5),
(514, 106, 8),
(515, 106, 10),
(516, 106, 11),
(517, 107, 1),
(518, 107, 3),
(519, 107, 5),
(520, 107, 8),
(521, 107, 9),
(522, 107, 12),
(523, 108, 1),
(524, 108, 3),
(525, 108, 5),
(526, 108, 8),
(527, 108, 9),
(528, 108, 11),
(529, 109, 1),
(530, 109, 4),
(531, 109, 5),
(532, 109, 7),
(533, 109, 9),
(534, 109, 11),
(535, 110, 1),
(536, 110, 3),
(537, 110, 6),
(538, 110, 7),
(539, 110, 9),
(540, 110, 11),
(541, 111, 1),
(542, 111, 3),
(543, 111, 6),
(544, 111, 7),
(545, 111, 9),
(546, 111, 12),
(553, 113, 1),
(554, 113, 3),
(555, 113, 5),
(556, 113, 7),
(557, 113, 10),
(558, 113, 11),
(559, 114, 1),
(560, 114, 3),
(561, 114, 5),
(562, 114, 8),
(563, 114, 9),
(564, 114, 11),
(565, 115, 1),
(566, 115, 3),
(567, 115, 5),
(568, 115, 8),
(569, 115, 9),
(570, 115, 11),
(571, 116, 1),
(572, 116, 4),
(573, 116, 5),
(574, 116, 7),
(575, 116, 9),
(576, 116, 11),
(577, 117, 1),
(578, 117, 3),
(579, 117, 6),
(580, 117, 7),
(581, 117, 9),
(582, 117, 11),
(583, 118, 1),
(584, 118, 3),
(585, 118, 6),
(586, 118, 7),
(587, 118, 9),
(588, 118, 11),
(589, 119, 1),
(590, 119, 3),
(591, 119, 5),
(592, 119, 7),
(593, 119, 10),
(594, 119, 11),
(595, 120, 1),
(596, 120, 3),
(597, 120, 6),
(598, 120, 7),
(599, 120, 9),
(600, 120, 11),
(613, 123, 1),
(614, 123, 4),
(615, 123, 5),
(616, 123, 7),
(617, 123, 9),
(618, 123, 11),
(619, 124, 1),
(620, 124, 3),
(621, 124, 5),
(622, 124, 8),
(623, 124, 9),
(624, 124, 12),
(625, 125, 1),
(626, 125, 3),
(627, 125, 6),
(628, 125, 7),
(629, 125, 9),
(630, 125, 11),
(631, 126, 1),
(632, 126, 3),
(633, 126, 6),
(634, 126, 7),
(635, 126, 9),
(636, 126, 11),
(637, 127, 1),
(638, 127, 3),
(639, 127, 5),
(640, 127, 7),
(641, 127, 10),
(642, 127, 12),
(643, 128, 1),
(644, 128, 3),
(645, 128, 5),
(646, 128, 8),
(647, 128, 9),
(648, 128, 11),
(649, 129, 1),
(650, 129, 3),
(651, 129, 5),
(652, 129, 7),
(653, 129, 10),
(654, 129, 11),
(655, 130, 1),
(656, 130, 3),
(657, 130, 6),
(658, 130, 7),
(659, 130, 9),
(660, 130, 11),
(661, 131, 1),
(662, 131, 3),
(663, 131, 5),
(664, 131, 7),
(665, 131, 10),
(666, 131, 12),
(667, 132, 1),
(668, 132, 3),
(669, 132, 5),
(670, 132, 8),
(671, 132, 9),
(672, 132, 11),
(679, 134, 1),
(680, 134, 3),
(681, 134, 6),
(682, 134, 7),
(683, 134, 9),
(684, 134, 11),
(685, 135, 1),
(686, 135, 4),
(687, 135, 5),
(688, 135, 7),
(689, 135, 9),
(690, 135, 11),
(691, 31, 1),
(692, 31, 4),
(693, 31, 5),
(694, 31, 7),
(695, 31, 9),
(696, 31, 11),
(697, 137, 1),
(698, 137, 3),
(699, 137, 5),
(700, 137, 8),
(701, 137, 9),
(702, 137, 11),
(703, 138, 1),
(704, 138, 3),
(705, 138, 5),
(706, 138, 8),
(707, 138, 10),
(708, 138, 11),
(709, 139, 1),
(710, 139, 3),
(711, 139, 5),
(712, 139, 7),
(713, 139, 10),
(714, 139, 11),
(715, 140, 1),
(716, 140, 3),
(717, 140, 6),
(718, 140, 7),
(719, 140, 9),
(720, 140, 11),
(721, 141, 1),
(722, 141, 3),
(723, 141, 6),
(724, 141, 7),
(725, 141, 9),
(726, 141, 12),
(727, 142, 1),
(728, 142, 3),
(729, 142, 5),
(730, 142, 8),
(731, 142, 9),
(732, 142, 11),
(733, 122, 1),
(734, 122, 3),
(735, 122, 6),
(736, 122, 7),
(737, 122, 9),
(738, 122, 11),
(739, 16, 1),
(740, 16, 3),
(741, 16, 6),
(742, 16, 7),
(743, 16, 9),
(744, 16, 11),
(745, 34, 1),
(746, 34, 3),
(747, 34, 5),
(748, 34, 7),
(749, 34, 10),
(750, 34, 11),
(751, 146, 1),
(752, 146, 3),
(753, 146, 5),
(754, 146, 7),
(755, 146, 10),
(756, 146, 11),
(757, 147, 1),
(758, 147, 3),
(759, 147, 6),
(760, 147, 7),
(761, 147, 9),
(762, 147, 11),
(763, 148, 1),
(764, 148, 4),
(765, 148, 5),
(766, 148, 7),
(767, 148, 9),
(768, 148, 11),
(769, 149, 1),
(770, 149, 3),
(771, 149, 5),
(772, 149, 7),
(773, 149, 10),
(774, 149, 11),
(775, 150, 1),
(776, 150, 3),
(777, 150, 6),
(778, 150, 7),
(779, 150, 9),
(780, 150, 11),
(781, 151, 1),
(782, 151, 3),
(783, 151, 6),
(784, 151, 7),
(785, 151, 9),
(786, 151, 11),
(793, 152, 1),
(794, 152, 3),
(795, 152, 5),
(796, 152, 7),
(797, 152, 9),
(798, 152, 11),
(799, 56, 1),
(800, 56, 3),
(801, 56, 5),
(802, 56, 7),
(803, 56, 9),
(804, 56, 11),
(805, 156, 1),
(806, 156, 3),
(807, 156, 5),
(808, 156, 7),
(809, 156, 10),
(810, 156, 12),
(811, 37, 1),
(812, 37, 3),
(813, 37, 5),
(814, 37, 7),
(815, 37, 9),
(816, 37, 12),
(817, 157, 1),
(818, 157, 3),
(819, 157, 5),
(820, 157, 7),
(821, 157, 10),
(822, 157, 11),
(823, 158, 1),
(824, 158, 3),
(825, 158, 5),
(826, 158, 8),
(827, 158, 9),
(828, 158, 11),
(829, 159, 1),
(830, 159, 3),
(831, 159, 5),
(832, 159, 7),
(833, 159, 9),
(834, 159, 11),
(835, 160, 1),
(836, 160, 3),
(837, 160, 5),
(838, 160, 7),
(839, 160, 9),
(840, 160, 11),
(841, 161, 1),
(842, 161, 3),
(843, 161, 5),
(844, 161, 7),
(845, 161, 9),
(846, 161, 11),
(847, 162, 1),
(848, 162, 3),
(849, 162, 5),
(850, 162, 7),
(851, 162, 9),
(852, 162, 11),
(853, 121, 1),
(854, 121, 3),
(855, 121, 6),
(856, 121, 7),
(857, 121, 9),
(858, 121, 11),
(859, 164, 1),
(860, 164, 3),
(861, 164, 6),
(862, 164, 7),
(863, 164, 9),
(864, 164, 11),
(865, 165, 1),
(866, 165, 3),
(867, 165, 5),
(868, 165, 7),
(869, 165, 9),
(870, 165, 11),
(871, 166, 1),
(872, 166, 3),
(873, 166, 5),
(874, 166, 7),
(875, 166, 9),
(876, 166, 11),
(877, 167, 1),
(878, 167, 3),
(879, 167, 6),
(880, 167, 7),
(881, 167, 9),
(882, 167, 11),
(883, 168, 1),
(884, 168, 4),
(885, 168, 5),
(886, 168, 7),
(887, 168, 9),
(888, 168, 11),
(889, 169, 1),
(890, 169, 3),
(891, 169, 5),
(892, 169, 7),
(893, 169, 9),
(894, 169, 11),
(895, 170, 1),
(896, 170, 3),
(897, 170, 6),
(898, 170, 7),
(899, 170, 9),
(900, 170, 11),
(901, 171, 1),
(902, 171, 4),
(903, 171, 5),
(904, 171, 7),
(905, 171, 9),
(906, 171, 11),
(907, 172, 1),
(908, 172, 3),
(909, 172, 5),
(910, 172, 7),
(911, 172, 9),
(912, 172, 11),
(913, 173, 1),
(914, 173, 4),
(915, 173, 5),
(916, 173, 7),
(917, 173, 9),
(918, 173, 11),
(919, 49, 1),
(920, 49, 3),
(921, 49, 5),
(922, 49, 7),
(923, 49, 9),
(924, 49, 11),
(925, 175, 1),
(926, 175, 3),
(927, 175, 5),
(928, 175, 7),
(929, 175, 9),
(930, 175, 11),
(931, 176, 1),
(932, 176, 4),
(933, 176, 5),
(934, 176, 7),
(935, 176, 9),
(936, 176, 11),
(937, 177, 1),
(938, 177, 3),
(939, 177, 5),
(940, 177, 7),
(941, 177, 9),
(942, 177, 12),
(943, 179, 1),
(944, 179, 3),
(945, 179, 5),
(946, 179, 7),
(947, 179, 10),
(948, 179, 11),
(949, 180, 1),
(950, 180, 3),
(951, 180, 5),
(952, 180, 7),
(953, 180, 9),
(954, 180, 11),
(955, 181, 1),
(956, 181, 3),
(957, 181, 5),
(958, 181, 7),
(959, 181, 9),
(960, 181, 11),
(961, 182, 1),
(962, 182, 4),
(963, 182, 5),
(964, 182, 7),
(965, 182, 9),
(966, 182, 11),
(967, 183, 1),
(968, 183, 3),
(969, 183, 5),
(970, 183, 7),
(971, 183, 9),
(972, 183, 11),
(973, 184, 1),
(974, 184, 3),
(975, 184, 6),
(976, 184, 7),
(977, 184, 9),
(978, 184, 11),
(979, 96, 1),
(980, 96, 3),
(981, 96, 5),
(982, 96, 7),
(983, 96, 9),
(984, 96, 12),
(985, 25, 1),
(986, 25, 3),
(987, 25, 5),
(988, 25, 7),
(989, 25, 9),
(990, 25, 11),
(991, 187, 1),
(992, 187, 3),
(993, 187, 5),
(994, 187, 7),
(995, 187, 10),
(996, 187, 11),
(997, 188, 1),
(998, 188, 3),
(999, 188, 5),
(1000, 188, 7),
(1001, 188, 9),
(1002, 188, 11),
(1003, 189, 1),
(1004, 189, 3),
(1005, 189, 6),
(1006, 189, 7),
(1007, 189, 9),
(1008, 189, 11),
(1009, 190, 1),
(1010, 190, 3),
(1011, 190, 5),
(1012, 190, 7),
(1013, 190, 9),
(1014, 190, 11),
(1015, 191, 1),
(1016, 191, 3),
(1017, 191, 5),
(1018, 191, 7),
(1019, 191, 10),
(1020, 191, 11),
(1021, 192, 1),
(1022, 192, 4),
(1023, 192, 5),
(1024, 192, 7),
(1025, 192, 9),
(1026, 192, 11),
(1027, 193, 1),
(1028, 193, 3),
(1029, 193, 5),
(1030, 193, 7),
(1031, 193, 10),
(1032, 193, 11),
(1033, 194, 1),
(1034, 194, 3),
(1035, 194, 5),
(1036, 194, 7),
(1037, 194, 9),
(1038, 194, 11),
(1039, 195, 1),
(1040, 195, 3),
(1041, 195, 5),
(1042, 195, 7),
(1043, 195, 10),
(1044, 195, 11),
(1045, 133, 1),
(1046, 133, 3),
(1047, 133, 5),
(1048, 133, 7),
(1049, 133, 9),
(1050, 133, 11),
(1051, 197, 1),
(1052, 197, 3),
(1053, 197, 5),
(1054, 197, 7),
(1055, 197, 10),
(1056, 197, 11),
(1057, 198, 1),
(1058, 198, 4),
(1059, 198, 5),
(1060, 198, 7),
(1061, 198, 9),
(1062, 198, 11),
(1063, 199, 1),
(1064, 199, 3),
(1065, 199, 5),
(1066, 199, 8),
(1067, 199, 9),
(1068, 199, 12),
(1069, 200, 1),
(1070, 200, 3),
(1071, 200, 5),
(1072, 200, 7),
(1073, 200, 9),
(1074, 200, 11),
(1075, 201, 1),
(1076, 201, 3),
(1077, 201, 5),
(1078, 201, 7),
(1079, 201, 9),
(1080, 201, 11),
(1081, 202, 1),
(1082, 202, 3),
(1083, 202, 5),
(1084, 202, 8),
(1085, 202, 9),
(1086, 202, 11),
(1087, 203, 1),
(1088, 203, 3),
(1089, 203, 5),
(1090, 203, 8),
(1091, 203, 9),
(1092, 203, 11),
(1093, 204, 1),
(1094, 204, 4),
(1095, 204, 5),
(1096, 204, 7),
(1097, 204, 9),
(1098, 204, 11),
(1099, 205, 1),
(1100, 205, 3),
(1101, 205, 5),
(1102, 205, 8),
(1103, 205, 9),
(1104, 205, 11),
(1105, 71, 1),
(1106, 71, 3),
(1107, 71, 5),
(1108, 71, 7),
(1109, 71, 9),
(1110, 71, 11),
(1111, 206, 1),
(1112, 206, 4),
(1113, 206, 5),
(1114, 206, 7),
(1115, 206, 9),
(1116, 206, 12),
(1117, 208, 1),
(1118, 208, 3),
(1119, 208, 5),
(1120, 208, 7),
(1121, 208, 9),
(1122, 208, 11),
(1123, 209, 1),
(1124, 209, 4),
(1125, 209, 5),
(1126, 209, 7),
(1127, 209, 9),
(1128, 209, 11),
(1129, 210, 1),
(1130, 210, 3),
(1131, 210, 5),
(1132, 210, 7),
(1133, 210, 9),
(1134, 210, 11);

-- --------------------------------------------------------

--
-- Struktur dari tabel `tbl_kriteria`
--

CREATE TABLE IF NOT EXISTS `tbl_kriteria` (
`id` int(5) NOT NULL,
  `kriteria` varchar(50) NOT NULL,
  `bobot` int(11) NOT NULL
) ENGINE=MyISAM AUTO_INCREMENT=16 DEFAULT CHARSET=latin1;

--
-- Dumping data untuk tabel `tbl_kriteria`
--

INSERT INTO `tbl_kriteria` (`id`, `kriteria`, `bobot`) VALUES
(11, 'Masuknya Jaringan Aliran Listrik', 29),
(3, 'Masuknya Jaringan Telepon', 24),
(4, 'Bukan Mayoritas Kawasan Industri', 19),
(5, 'Akses Desa Bisa Dilalui Kendaraan Roda 4', 14),
(6, 'Bukan yang kepala desanya PJS (pejabat sementara)', 9),
(10, 'Mayoritas penduduk islam', 5);

-- --------------------------------------------------------

--
-- Stand-in structure for view `v_analisa`
--
CREATE TABLE IF NOT EXISTS `v_analisa` (
`id_klasifikasi` int(11)
,`id_desa` int(11)
,`nama_desa` varchar(100)
,`id_hk` int(11)
,`id_kriteria` int(11)
,`kriteria` varchar(50)
,`nama` varchar(60)
,`keterangan` varchar(15)
,`nilai` int(11)
);
-- --------------------------------------------------------

--
-- Struktur untuk view `v_analisa`
--
DROP TABLE IF EXISTS `v_analisa`;

CREATE ALGORITHM=UNDEFINED DEFINER=`root`@`localhost` SQL SECURITY DEFINER VIEW `v_analisa` AS select `tbl_klasifikasi`.`id_klasifikasi` AS `id_klasifikasi`,`tbl_klasifikasi`.`id_desa` AS `id_desa`,`desa`.`nama_desa` AS `nama_desa`,`tbl_klasifikasi`.`id_hk` AS `id_hk`,`tbl_himpunankriteria`.`id_kriteria` AS `id_kriteria`,`tbl_kriteria`.`kriteria` AS `kriteria`,`tbl_himpunankriteria`.`nama` AS `nama`,`tbl_himpunankriteria`.`keterangan` AS `keterangan`,`tbl_himpunankriteria`.`nilai` AS `nilai` from (((`tbl_himpunankriteria` join `tbl_kriteria` on((`tbl_himpunankriteria`.`id_kriteria` = `tbl_kriteria`.`id`))) join `tbl_klasifikasi` on((`tbl_klasifikasi`.`id_hk` = `tbl_himpunankriteria`.`id_hk`))) join `desa` on((`tbl_klasifikasi`.`id_desa` = `desa`.`id_desa`)));

--
-- Indexes for dumped tables
--

--
-- Indexes for table `admin`
--
ALTER TABLE `admin`
 ADD PRIMARY KEY (`id_admin`);

--
-- Indexes for table `desa`
--
ALTER TABLE `desa`
 ADD PRIMARY KEY (`id_desa`);

--
-- Indexes for table `hasil`
--
ALTER TABLE `hasil`
 ADD PRIMARY KEY (`id`);

--
-- Indexes for table `modul`
--
ALTER TABLE `modul`
 ADD PRIMARY KEY (`id_modul`);

--
-- Indexes for table `registrasi_siswa`
--
ALTER TABLE `registrasi_siswa`
 ADD PRIMARY KEY (`id_registrasi`);

--
-- Indexes for table `tbl_himpunankriteria`
--
ALTER TABLE `tbl_himpunankriteria`
 ADD PRIMARY KEY (`id_hk`);

--
-- Indexes for table `tbl_klasifikasi`
--
ALTER TABLE `tbl_klasifikasi`
 ADD PRIMARY KEY (`id_klasifikasi`);

--
-- Indexes for table `tbl_kriteria`
--
ALTER TABLE `tbl_kriteria`
 ADD PRIMARY KEY (`id`);

--
-- AUTO_INCREMENT for dumped tables
--

--
-- AUTO_INCREMENT for table `admin`
--
ALTER TABLE `admin`
MODIFY `id_admin` int(3) NOT NULL AUTO_INCREMENT,AUTO_INCREMENT=6;
--
-- AUTO_INCREMENT for table `desa`
--
ALTER TABLE `desa`
MODIFY `id_desa` int(9) NOT NULL AUTO_INCREMENT,AUTO_INCREMENT=211;
--
-- AUTO_INCREMENT for table `hasil`
--
ALTER TABLE `hasil`
MODIFY `id` int(10) NOT NULL AUTO_INCREMENT,AUTO_INCREMENT=16223;
--
-- AUTO_INCREMENT for table `modul`
--
ALTER TABLE `modul`
MODIFY `id_modul` int(5) NOT NULL AUTO_INCREMENT,AUTO_INCREMENT=82;
--
-- AUTO_INCREMENT for table `registrasi_siswa`
--
ALTER TABLE `registrasi_siswa`
MODIFY `id_registrasi` int(9) NOT NULL AUTO_INCREMENT,AUTO_INCREMENT=11;
--
-- AUTO_INCREMENT for table `tbl_himpunankriteria`
--
ALTER TABLE `tbl_himpunankriteria`
MODIFY `id_hk` int(11) NOT NULL AUTO_INCREMENT,AUTO_INCREMENT=13;
--
-- AUTO_INCREMENT for table `tbl_klasifikasi`
--
ALTER TABLE `tbl_klasifikasi`
MODIFY `id_klasifikasi` int(11) NOT NULL AUTO_INCREMENT,AUTO_INCREMENT=1135;
--
-- AUTO_INCREMENT for table `tbl_kriteria`
--
ALTER TABLE `tbl_kriteria`
MODIFY `id` int(5) NOT NULL AUTO_INCREMENT,AUTO_INCREMENT=16;
/*!40101 SET CHARACTER_SET_CLIENT=@OLD_CHARACTER_SET_CLIENT */;
/*!40101 SET CHARACTER_SET_RESULTS=@OLD_CHARACTER_SET_RESULTS */;
/*!40101 SET COLLATION_CONNECTION=@OLD_COLLATION_CONNECTION */;
